ID,Group,Scope,Name,Requirement,Example,Severity,Profile,Phase,Check_ID,Override_Policy,Source_Refs
DBX-INTENT-001,Intent,Model,Protected business intent,Preserve declared protected names and exact counts; obtain approval for conflicting physical mappings.,Keep two requested domains instead of adding a third for a sizing target.,error,all,brief,PROTECTED,not_overridable,SIZING-RUL-014@222;SURG-RUL-002@232;GEN-RUL-007@246;MET-RUL-003@250;MET-RUL-004@251
DBX-SAFE-001,Safety,Execution,Explicit execution authorization,"Require separate explicit authorization for workspace access, writes, publication, and cleanup.",An offline model request does not permit catalog creation.,error,all,execution,manual,not_overridable,MVP synthesis
DBX-OBJ-001,Objects,Products,Owned products and row grain,"Declare a business purpose, row grain, role, classification, steward, and business uniqueness for every product.","A claim line is one service line, not one claim.",error,enterprise_core,design,OBJECTS,not_overridable,PRD-RUL-011@15;DOM-RUL-015@17;ATT-RUL-029@123;ATT-RUL-030@124;ATT-RUL-062@126;PRD-RUL-031@132;PRD-RUL-032@133;PRD-RUL-035@135;PRD-RUL-036@136;PRD-RUL-037@137;PRD-RUL-038@138;PRD-RUL-042@141;DOM-RUL-033@164;PRD-RUL-001@194
DBX-SCOPE-001,Scope,Model,Current scope completeness,Cover required current processes without speculative objects or arbitrary column padding.,A reduced core retains complete surviving entities.,advisory,enterprise_core,design,manual,explicit_policy_or_review,DOM-RUL-042@40;PRD-RUL-020@89;ATT-RUL-045@102;ATT-RUL-046@103;ATT-RUL-071@127;PRD-RUL-033@134;PRD-RUL-040@139;PRD-RUL-041@140;PRD-RUL-045@143;PRD-RUL-056@149;PRD-RUL-057@150;PRD-RUL-058@151;PRD-RUL-067@156;PRD-RUL-068@157;SIZING-RUL-007@216;SIZING-RUL-010@219
DBX-SIZE-001,Sizing,Model,Scoped sizing policies,Treat sizing bands and division ratios as scoped advisory policies; do not silently trim or expand protected intent.,A one-domain lookup slice need not invent operational divisions.,advisory,enterprise_core,review,manual,explicit_policy_or_review,ATT-RUL-076@6;DOM-RUL-001@18;DOM-RUL-003@19;DOM-RUL-005@20;DOM-RUL-014@29;DOM-RUL-019@32;DOM-RUL-034@33;DOM-RUL-036@34;REL-RUL-035@63;PRD-RUL-029@130;PRD-RUL-048@145;PRD-RUL-062@154;ATT-RUL-026@158;DOM-RUL-028@160;DOM-RUL-032@163;PRD-RUL-034@165;SIZING-RUL-005@214;SIZING-RUL-006@215;SIZING-RUL-008@217;SIZING-RUL-012@220
DBX-NAME-001,Naming,ALL,Physical identifier integrity,Declare valid snake-case physical names and reject scoped duplicates or mapping drift.,Logical service_date maps exactly to physical service_date in the default profile.,error,enterprise_core,design,NAMES,not_overridable,ATT-RUL-017@75;GEN-RUL-001@81;GEN-RUL-002@82;GEN-RUL-004@84;PRD-RUL-026@93;DOM-RUL-016@193;PRD-RUL-021@206
DBX-NAME-002,Naming,ALL,Semantic naming conventions,Use meaningful context and units without redundant prefixes; word-count and length policies are advisory.,Use rendering_provider_id and amount_usd rather than fk1 and value.,advisory,enterprise_core,review,manual,explicit_policy_or_review,ATT-RUL-004@69;ATT-RUL-006@70;ATT-RUL-007@71;ATT-RUL-008@72;ATT-RUL-012@73;ATT-RUL-014@74;ATT-RUL-058@76;ATT-RUL-061@77;ATT-RUL-065@78;DOM-RUL-002@79;DOM-RUL-004@80;GEN-RUL-003@83;PRD-RUL-004@85;PRD-RUL-006@86;PRD-RUL-014@87;PRD-RUL-016@88;PRD-RUL-022@90;PRD-RUL-025@92
DBX-TYPE-001,Types,Attributes,Explicit SQL types and precision,Use supported explicit primitive SQL types in enterprise_core and require DECIMAL precision and scale for declared monetary attributes.,"A billed amount is DECIMAL(18,2), not DOUBLE.",error,enterprise_core,design,TYPES,not_overridable,ATT-RUL-001@7;ATT-RUL-002@8
DBX-TYPE-002,Types,Attributes,Boolean consistency,Use a consistent declared boolean representation and review name-based type proposals.,BOOLEAN flags have no text regex.,advisory,enterprise_core,review,manual,explicit_policy_or_review,ATT-RUL-003@9;ATT-RUL-009@10;ATT-RUL-010@11
DBX-ENUM-001,Constraints,Attributes,Separate enums and format patterns,Separate STRING format patterns from allowed values; promote categories beyond the configured inline cap to references.,Six inline values pass; seven require a reference entity under the default policy.,error,enterprise_core,design,ENUMS,explicit_policy_or_review,ATT-RUL-069@2;ATT-RUL-070@3;ATT-RUL-011@12;ATT-RUL-085@13;ATT-RUL-086@14
DBX-KEY-001,Keys,Products,Declared primary and business keys,Declare a nonempty PK tuple of existing non-null attributes and explicit business uniqueness tuples.,A composite PK preserves ordered columns rather than guessing from suffixes.,error,enterprise_core,design,PK,not_overridable,ATT-RUL-048@113;ATT-RUL-049@114;ATT-RUL-050@115;ATT-RUL-051@116;ATT-RUL-052@117;ATT-RUL-053@118;ATT-RUL-054@119;ATT-RUL-055@120;ATT-RUL-056@121;ATT-RUL-057@122;QGATE-RUL-002@254
DBX-KEY-002,Keys,Relationships,Resolved FK endpoints,Resolve every FK tuple to an existing target product's exact declared PK tuple.,claim.line.header_id references claim.header.header_id.,error,enterprise_core,link,FK_TARGET,not_overridable,REL-RUL-001@44;REL-RUL-004@46;REL-RUL-005@47;REL-RUL-015@56;REL-RUL-016@57;QGATE-RUL-003@255
DBX-KEY-003,Keys,Relationships,Exact key tuple types,Require exact source/target types and tuple arity for declared FKs.,BIGINT references BIGINT; DECIMAL scale differences are not ignored.,error,enterprise_core,link,FK_TYPES,not_overridable,REL-RUL-003@16;QGATE-RUL-004@256
DBX-REL-001,Relationships,Relationships,Relationship contract,"Declare role, cardinality, optionality, justification, provenance, and population phase for every relationship.",A child awaiting its parent uses a nullable FK and documented later enrichment.,error,enterprise_core,link,RELATIONS,not_overridable,ATT-RUL-082@43;REL-RUL-029@60;REL-RUL-030@61;REL-RUL-039@67
DBX-REL-002,Relationships,Relationships,Distinct relationship roles,Use distinct business-role labels for multiple FKs to one target; never wire a PK tuple to itself.,Billing and rendering provider roles are distinct.,error,enterprise_core,link,ROLES,not_overridable,REL-RUL-009@50;REL-RUL-013@54;REL-RUL-014@55;REL-RUL-027@58;ATT-RUL-068@105;ATT-RUL-087@111;SURG-RUL-001@231;SURG-RUL-004@234
DBX-REL-003,Relationships,Relationships,Business relationship review,"Verify relationship meaning, many-side ownership, process coverage, and genuine M:N reciprocity through architect review.",Provider participation owns network membership dates.,advisory,enterprise_core,review,manual,explicit_policy_or_review,REL-RUL-002@45;REL-RUL-006@48;REL-RUL-010@51;REL-RUL-011@52;REL-RUL-012@53;REL-RUL-028@59;REL-RUL-031@62;REL-RUL-036@64;REL-RUL-037@65;REL-RUL-038@66;PRD-RUL-027@128;PRD-RUL-028@129;PRD-RUL-030@131;PRD-RUL-044@142;PRD-RUL-053@146;PRD-RUL-054@147;PRD-RUL-055@148
DBX-GRAPH-001,Graph,Model,Declared graph policy,Apply the declared graph policy; exclude only explicitly justified hierarchy self-edges from default cycle checks.,parent_provider_id is distinct from provider_id and has hierarchy justification.,error,enterprise_core,review,GRAPH,explicit_policy_or_review,REL-RUL-017@170;REL-RUL-018@171;REL-RUL-024@177;REL-RUL-025@178;REL-RUL-033@180
DBX-GRAPH-002,Graph,Model,Purposeful connectivity,Require purposeful connectivity or explicit standalone scope justification; never invent joins to fix a silo metric.,An incoming-only status lookup is connected.,error,enterprise_core,review,CONNECTIVITY,explicit_policy_or_review,DOM-RUL-023@168;PRD-RUL-039@169;REL-RUL-019@172;REL-RUL-023@176
DBX-NORM-001,Normalization,Products,Evidence-based normalization,"Review determinants and dependencies while retaining event snapshots, audit evidence, source reconciliation, and distinct semantics.",unit_price_at_service remains beside provider_id.,advisory,enterprise_core,review,manual,explicit_policy_or_review,ATT-RUL-032@94;ATT-RUL-034@95;ATT-RUL-036@96;ATT-RUL-038@97;ATT-RUL-040@98;ATT-RUL-042@99;ATT-RUL-043@100;ATT-RUL-044@101;ATT-RUL-047@104;ATT-RUL-077@106;ATT-RUL-078@107;ATT-RUL-079@108;ATT-RUL-080@109;ATT-RUL-083@110;REL-RUL-026@112;REL-RUL-044@181;SDT-RUL-001@209;SDT-RUL-002@210;SDT-RUL-003@211;SDT-RUL-004@212;SDT-RUL-005@213
DBX-DEDUP-001,Deduplication,Products,Conservative semantic deduplication,"Propose merges/removals only after comparing grain, lifecycle, ownership, dependencies, and authoritative source.",Method and channel are not duplicates.,advisory,enterprise_core,review,manual,explicit_policy_or_review,DOM-RUL-008@23;DOM-RUL-017@30;DOM-RUL-041@39;ATT-RUL-031@125;PRD-RUL-059@152;ATT-RUL-013@189;ATT-RUL-015@190;ATT-RUL-016@191;ATT-RUL-018@192;PRD-RUL-002@195;PRD-RUL-003@196;PRD-RUL-005@197;PRD-RUL-007@198;PRD-RUL-008@199;PRD-RUL-009@200;PRD-RUL-010@201;PRD-RUL-012@202;PRD-RUL-013@203;PRD-RUL-015@204;PRD-RUL-017@205;PRD-RUL-023@207;PRD-RUL-069@208
DBX-META-001,Metadata,ALL,Descriptions and glossary,"Require substantive descriptions and glossary terms, ownership and semantic subdomain assignments.","Every applicable attribute has a glossary term, not just 90 percent.",error,enterprise_core,design,METADATA,not_overridable,ATT-RUL-073@4;ATT-RUL-028@159;DOM-RUL-030@161;DOM-RUL-031@162;PRD-RUL-046@166;DOM-RUL-020@223;DOM-RUL-021@224;DOM-RUL-022@225;DOM-RUL-024@226;DOM-RUL-025@227;DOM-RUL-026@228;DOM-RUL-027@229;DOM-RUL-029@230;ATT-RUL-084@245;QGATE-RUL-005@257;QGATE-RUL-007@259;QGATE-RUL-009@261;QGATE-RUL-010@262
DBX-META-002,Metadata,Attributes,Declared sensitivity policy,Require explicit sensitivity classification and markers for declared sensitive fields; classify unmarked candidates through review.,An explicitly personal date_of_birth is restricted with sensitivity=personal.,error,enterprise_core,review,SENSITIVITY,not_overridable,ATT-RUL-020@236;ATT-RUL-022@238;ATT-RUL-023@239;ATT-RUL-059@243;QGATE-RUL-006@258
DBX-META-003,Metadata,ALL,Structured governance metadata,Keep tags structured and nonstructural; preserve requested metadata and applicable standards without claiming legal compliance.,PK declarations are not classification tags; a HIPAA tag is not certification.,error,enterprise_core,design,TAGS,not_overridable,ATT-RUL-074@5;ATT-RUL-019@235;ATT-RUL-021@237;ATT-RUL-024@240;ATT-RUL-025@241;ATT-RUL-027@242;ATT-RUL-060@244
DBX-META-004,Metadata,ALL,Industry taxonomy and editorial policy,Apply approved taxonomy and editorial width policies rather than universal department or description limits.,A canonical industry division can override operations/business/corporate.,advisory,enterprise_core,review,manual,explicit_policy_or_review,DOM-RUL-006@21;DOM-RUL-007@22;DOM-RUL-009@24;DOM-RUL-018@31;DOM-RUL-037@35;DOM-RUL-038@36;DOM-RUL-039@37;DOM-RUL-040@38;DOM-RUL-044@41;PRD-RUL-018@42;QGATE-RUL-008@260;QGATE-RUL-011@263
DBX-MET-001,Metrics,Metric Views,Single-source metric dependencies,Declare at least one dimension and measure with real single-source dependencies in the MVP supported expression set.,SUM(paid_amount) preserves DECIMAL semantics.,error,enterprise_core,projection,METRICS,not_overridable,REL-RUL-046@68;OPS-RUL-012@167;MET-RUL-001@248;MET-RUL-002@249
DBX-MET-002,Metrics,Metric Views,Business metric intent,"Preserve named KPI intent, count, grain, category casing, and zero-denominator behavior; keep projections outside core stored KPIs.",Denial_rate compares the documented lowercase denied value.,advisory,enterprise_core,review,manual,explicit_policy_or_review,MET-RUL-005@252
DBX-ART-001,Artifacts,ALL,Canonical representation parity,Keep delivered SQL and DBML identical to deterministic canonical example representations.,PK/FK types and names agree across model and derivatives.,error,enterprise_core,export,ARTIFACTS,not_overridable,MVP synthesis
DBX-EVOL-001,Evolution,Model,Immutable versioned evolution,Preserve source snapshots and version changes with dependency and consumer impact; do not overwrite input.,A rename updates FK targets and metric dependencies in a new version.,advisory,enterprise_core,evolution,manual,explicit_policy_or_review,DOM-RUL-010@25;DOM-RUL-011@26;DOM-RUL-012@27;DOM-RUL-013@28;PRD-RUL-024@91;PRD-RUL-061@153;SIZING-RUL-009@218;SURG-RUL-003@233;GEN-RUL-010@247
DBX-VERIFY-001,Verification,Reports,Honest evidence levels,"Report structured evidence and distinguish static, workspace, physical, and data levels without success-shaped fallbacks.",Physical checks are not_run after an offline review.,error,all,verify,REPORT,not_overridable,QGATE-RUL-001@253;QGATE-RUL-012@265
DBX-VERIFY-002,Verification,Requirements,Requirement accounting,Account for every applicable requirement with existing object targets and mapped checks; retain manual and blocked items.,A manual business-meaning review stays unverified in static coverage.,error,all,verify,REQUIREMENTS,not_overridable,MVP synthesis
DBX-REPAIR-001,Repair,Model,Bounded repair proposals,Stop on unresolved conflicts and present bounded repairs rather than automatic deletion or unlimited retry.,A protected cyclic link produces a proposal instead of being removed.,advisory,enterprise_core,review,manual,explicit_policy_or_review,REL-RUL-008@49;PRD-RUL-047@144;PRD-RUL-064@155;REL-RUL-020@173;REL-RUL-021@174;REL-RUL-022@175;REL-RUL-032@179;SIZING-RUL-013@221;QGATE-RUL-011@264
DBX-SAMPLE-001,Samples,Future,Future sample integrity,"If later authorized, generate deterministic business-appropriate samples using actual parent keys and constraint checks.","FK values come from the generated parent pool, not guessed ranges.",advisory,enterprise_core,future,manual,explicit_policy_or_review,ATT-RUL-033@182;ATT-RUL-035@183;ATT-RUL-037@184;ATT-RUL-039@185;ATT-RUL-041@186;GEN-RUL-005@187;GEN-RUL-006@188
DBX-SHAPE-001,Contract,ALL,Versioned artifact contracts,Conform to the versioned canonical JSON and report schemas; reject undocumented or malformed fields.,A string-valued nullable flag is invalid.,error,all,design,SHAPE,not_overridable,MVP synthesis
DBX-PACK-001,Packaging,Package,Standalone package integrity,"Keep required package files, metadata, links, source dispositions, and assets complete and resolvable.",Both duplicate source IDs retain their distinct source-line mappings.,error,all,verify,PACKAGE,not_overridable,MVP synthesis
DBX-MAP-001,Provenance,Sources,Source occurrence traceability,Account for every source occurrence with an explicit disposition and valid canonical target where applicable.,Incomplete ATT-RUL-069 maps to the corroborated enum policy without inventing missing text.,error,all,verify,SOURCE_MAP,not_overridable,MVP synthesis
DBX-FORM-001,Form,Product,Common product shape by default,"Compare every designed or supplied product with its class's common form: PK first, FKs clustered, typed columns, and no embedded entities, repeating groups, or EAV. Remodel anti-patterns and report band deviations as advice.",A flat claim table with member_name/member_phone and diagnosis_code_1..3 becomes a member master plus a claim_diagnosis child.,advisory,all,design,manual,explicit_policy_or_review,MVP synthesis
