Source_File,Source_Line,Source_ID,Source_Name,Canonical_IDs,Disposition,Rationale
model-agent/rules/vibe-data-modelling-rules.csv,2,ATT-RUL-069,ENUM-Overflow Promotion to Reference Product (6-value cap),DBX-ENUM-001,incomplete,Source requirement ends mid-expression; corroborated by ATT-RUL-085/086. Missing text is not reconstructed.
model-agent/rules/vibe-data-modelling-rules.csv,3,ATT-RUL-070,value_regex Empty for Non-STRING Columns,DBX-ENUM-001,incomplete,Source requirement ends mid-expression; corroborated by ATT-RUL-085/086. Missing text is not reconstructed.
model-agent/rules/vibe-data-modelling-rules.csv,4,ATT-RUL-073,Attribute Business Glossary Term Expands Abbreviations,DBX-META-001,adapted,"Reconciled into DBX-META-001; use its scoped requirement, not the source's universal enforcement or runtime implementation."
model-agent/rules/vibe-data-modelling-rules.csv,5,ATT-RUL-074,Attribute References Its Governing Standard,DBX-META-003,adapted,"Reconciled into DBX-META-003; use its scoped requirement, not the source's universal enforcement or runtime implementation."
model-agent/rules/vibe-data-modelling-rules.csv,6,ATT-RUL-076,FK-Add Attribute Budget at Synthesis Ceiling,DBX-SIZE-001,adapted,"Reconciled into DBX-SIZE-001; use its scoped requirement, not the source's universal enforcement or runtime implementation."
model-agent/rules/vibe-data-modelling-rules.csv,7,ATT-RUL-001,Standard SQL Data Types,DBX-TYPE-001,adapted,"Reconciled into DBX-TYPE-001; use its scoped requirement, not the source's universal enforcement or runtime implementation."
model-agent/rules/vibe-data-modelling-rules.csv,8,ATT-RUL-002,No Complex Types,DBX-TYPE-001,adapted,"Reconciled into DBX-TYPE-001; use its scoped requirement, not the source's universal enforcement or runtime implementation."
model-agent/rules/vibe-data-modelling-rules.csv,9,ATT-RUL-003,Boolean Format,DBX-TYPE-002,adapted,"Reconciled into DBX-TYPE-002; use its scoped requirement, not the source's universal enforcement or runtime implementation."
model-agent/rules/vibe-data-modelling-rules.csv,10,ATT-RUL-009,Consistent Booleans,DBX-TYPE-002,adapted,"Reconciled into DBX-TYPE-002; use its scoped requirement, not the source's universal enforcement or runtime implementation."
model-agent/rules/vibe-data-modelling-rules.csv,11,ATT-RUL-010,Infer Types by Name,DBX-TYPE-002,adapted,"Reconciled into DBX-TYPE-002; use its scoped requirement, not the source's universal enforcement or runtime implementation."
model-agent/rules/vibe-data-modelling-rules.csv,12,ATT-RUL-011,Categorical Values via Regex,DBX-ENUM-001,adapted,"Reconciled into DBX-ENUM-001; use its scoped requirement, not the source's universal enforcement or runtime implementation."
model-agent/rules/vibe-data-modelling-rules.csv,13,ATT-RUL-085,value_regex Only on STRING Columns,DBX-ENUM-001,adapted,"Reconciled into DBX-ENUM-001; use its scoped requirement, not the source's universal enforcement or runtime implementation."
model-agent/rules/vibe-data-modelling-rules.csv,14,ATT-RUL-086,Categorical Enum Capped at Six Values,DBX-ENUM-001,adapted,"Reconciled into DBX-ENUM-001; use its scoped requirement, not the source's universal enforcement or runtime implementation."
model-agent/rules/vibe-data-modelling-rules.csv,15,PRD-RUL-011,Table Classifications,DBX-OBJ-001,adapted,"Reconciled into DBX-OBJ-001; use its scoped requirement, not the source's universal enforcement or runtime implementation."
model-agent/rules/vibe-data-modelling-rules.csv,16,REL-RUL-003,FK Type Compatibility,DBX-KEY-003,adapted,"Reconciled into DBX-KEY-003; use its scoped requirement, not the source's universal enforcement or runtime implementation."
model-agent/rules/vibe-data-modelling-rules.csv,17,DOM-RUL-015,Real Business Functions Only,DBX-OBJ-001,adapted,"Reconciled into DBX-OBJ-001; use its scoped requirement, not the source's universal enforcement or runtime implementation."
model-agent/rules/vibe-data-modelling-rules.csv,18,DOM-RUL-001,Division Balance Rule,DBX-SIZE-001,adapted,"Reconciled into DBX-SIZE-001; use its scoped requirement, not the source's universal enforcement or runtime implementation."
model-agent/rules/vibe-data-modelling-rules.csv,19,DOM-RUL-003,No Early Corporate,DBX-SIZE-001,adapted,"Reconciled into DBX-SIZE-001; use its scoped requirement, not the source's universal enforcement or runtime implementation."
model-agent/rules/vibe-data-modelling-rules.csv,20,DOM-RUL-005,Interleaved Filling,DBX-SIZE-001,adapted,"Reconciled into DBX-SIZE-001; use its scoped requirement, not the source's universal enforcement or runtime implementation."
model-agent/rules/vibe-data-modelling-rules.csv,21,DOM-RUL-006,Forbidden Domain Types,DBX-META-004,adapted,"Reconciled into DBX-META-004; use its scoped requirement, not the source's universal enforcement or runtime implementation."
model-agent/rules/vibe-data-modelling-rules.csv,22,DOM-RUL-007,Forbidden Generic Names,DBX-META-004,adapted,"Reconciled into DBX-META-004; use its scoped requirement, not the source's universal enforcement or runtime implementation."
model-agent/rules/vibe-data-modelling-rules.csv,23,DOM-RUL-008,No Domain Fragmentation,DBX-DEDUP-001,adapted,"Reconciled into DBX-DEDUP-001; use its scoped requirement, not the source's universal enforcement or runtime implementation."
model-agent/rules/vibe-data-modelling-rules.csv,24,DOM-RUL-009,Org Chart Test,DBX-META-004,adapted,"Reconciled into DBX-META-004; use its scoped requirement, not the source's universal enforcement or runtime implementation."
model-agent/rules/vibe-data-modelling-rules.csv,25,DOM-RUL-010,Domain Fit Default KEEP,DBX-EVOL-001,adapted,"Reconciled into DBX-EVOL-001; use its scoped requirement, not the source's universal enforcement or runtime implementation."
model-agent/rules/vibe-data-modelling-rules.csv,26,DOM-RUL-011,Cross-Division Relocation Forbidden,DBX-EVOL-001,adapted,"Reconciled into DBX-EVOL-001; use its scoped requirement, not the source's universal enforcement or runtime implementation."
model-agent/rules/vibe-data-modelling-rules.csv,27,DOM-RUL-012,Eponymous Entity Rule,DBX-EVOL-001,adapted,"Reconciled into DBX-EVOL-001; use its scoped requirement, not the source's universal enforcement or runtime implementation."
model-agent/rules/vibe-data-modelling-rules.csv,28,DOM-RUL-013,Child Follows Parent,DBX-EVOL-001,adapted,"Reconciled into DBX-EVOL-001; use its scoped requirement, not the source's universal enforcement or runtime implementation."
model-agent/rules/vibe-data-modelling-rules.csv,29,DOM-RUL-014,Domain Hard Ceiling,DBX-SIZE-001,adapted,"Reconciled into DBX-SIZE-001; use its scoped requirement, not the source's universal enforcement or runtime implementation."
model-agent/rules/vibe-data-modelling-rules.csv,30,DOM-RUL-017,Merge High-Overlap Domains,DBX-DEDUP-001,adapted,"Reconciled into DBX-DEDUP-001; use its scoped requirement, not the source's universal enforcement or runtime implementation."
model-agent/rules/vibe-data-modelling-rules.csv,31,DOM-RUL-018,No Shared Domain Initially,DBX-META-004,adapted,"Reconciled into DBX-META-004; use its scoped requirement, not the source's universal enforcement or runtime implementation."
model-agent/rules/vibe-data-modelling-rules.csv,32,DOM-RUL-019,Merge Small Domains,DBX-SIZE-001,adapted,"Reconciled into DBX-SIZE-001; use its scoped requirement, not the source's universal enforcement or runtime implementation."
model-agent/rules/vibe-data-modelling-rules.csv,33,DOM-RUL-034,Domain Bloat Ceiling (No Domain Owns >25% of Products),DBX-SIZE-001,adapted,"Reconciled into DBX-SIZE-001; use its scoped requirement, not the source's universal enforcement or runtime implementation."
model-agent/rules/vibe-data-modelling-rules.csv,34,DOM-RUL-036,Per-Division Target Ratios,DBX-SIZE-001,adapted,"Reconciled into DBX-SIZE-001; use its scoped requirement, not the source's universal enforcement or runtime implementation."
model-agent/rules/vibe-data-modelling-rules.csv,35,DOM-RUL-037,Tier-2 Industry-Dependent Domain Names Allowed,DBX-META-004,adapted,"Reconciled into DBX-META-004; use its scoped requirement, not the source's universal enforcement or runtime implementation."
model-agent/rules/vibe-data-modelling-rules.csv,36,DOM-RUL-038,Industry Vocabulary Must-Use / Prohibited Terms,DBX-META-004,adapted,"Reconciled into DBX-META-004; use its scoped requirement, not the source's universal enforcement or runtime implementation."
model-agent/rules/vibe-data-modelling-rules.csv,37,DOM-RUL-039,Domain Description Conciseness Ceiling,DBX-META-004,adapted,"Reconciled into DBX-META-004; use its scoped requirement, not the source's universal enforcement or runtime implementation."
model-agent/rules/vibe-data-modelling-rules.csv,38,DOM-RUL-040,Subdomain Cross-Domain Name-Collision Qualified Rename,DBX-META-004,adapted,"Reconciled into DBX-META-004; use its scoped requirement, not the source's universal enforcement or runtime implementation."
model-agent/rules/vibe-data-modelling-rules.csv,39,DOM-RUL-041,Identical-Domain Detection Before Cross-Domain Linking,DBX-DEDUP-001,adapted,"Reconciled into DBX-DEDUP-001; use its scoped requirement, not the source's universal enforcement or runtime implementation."
model-agent/rules/vibe-data-modelling-rules.csv,40,DOM-RUL-042,MVM Domains Tell a Complete WHO/WHAT/HOW Story,DBX-SCOPE-001,adapted,"Reconciled into DBX-SCOPE-001; use its scoped requirement, not the source's universal enforcement or runtime implementation."
model-agent/rules/vibe-data-modelling-rules.csv,41,DOM-RUL-044,"Division Classification — Exactly One, Decision-Tested",DBX-META-004,adapted,"Reconciled into DBX-META-004; use its scoped requirement, not the source's universal enforcement or runtime implementation."
model-agent/rules/vibe-data-modelling-rules.csv,42,PRD-RUL-018,Distribute Shared Tables,DBX-META-004,adapted,"Reconciled into DBX-META-004; use its scoped requirement, not the source's universal enforcement or runtime implementation."
model-agent/rules/vibe-data-modelling-rules.csv,43,ATT-RUL-082,FK Population Sequence Documented; Pre-Parent Children Get Nullable FK,DBX-REL-001,adapted,"Reconciled into DBX-REL-001; use its scoped requirement, not the source's universal enforcement or runtime implementation."
model-agent/rules/vibe-data-modelling-rules.csv,44,REL-RUL-001,FK Target Must Exist,DBX-KEY-002,adapted,"Reconciled into DBX-KEY-002; use its scoped requirement, not the source's universal enforcement or runtime implementation."
model-agent/rules/vibe-data-modelling-rules.csv,45,REL-RUL-002,No Bidirectional FKs,DBX-REL-003,adapted,"Reconciled into DBX-REL-003; use its scoped requirement, not the source's universal enforcement or runtime implementation."
model-agent/rules/vibe-data-modelling-rules.csv,46,REL-RUL-004,FK Column Must Exist,DBX-KEY-002,adapted,"Reconciled into DBX-KEY-002; use its scoped requirement, not the source's universal enforcement or runtime implementation."
model-agent/rules/vibe-data-modelling-rules.csv,47,REL-RUL-005,FK Must Reference PK,DBX-KEY-002,adapted,"Reconciled into DBX-KEY-002; use its scoped requirement, not the source's universal enforcement or runtime implementation."
model-agent/rules/vibe-data-modelling-rules.csv,48,REL-RUL-006,System ID Exemption,DBX-REL-003,adapted,"Reconciled into DBX-REL-003; use its scoped requirement, not the source's universal enforcement or runtime implementation."
model-agent/rules/vibe-data-modelling-rules.csv,49,REL-RUL-008,Broken FK and Reference Resolution,DBX-REPAIR-001,adapted,"Reconciled into DBX-REPAIR-001; use its scoped requirement, not the source's universal enforcement or runtime implementation."
model-agent/rules/vibe-data-modelling-rules.csv,50,REL-RUL-009,Self-Referencing FK Rules,DBX-REL-002,adapted,"Reconciled into DBX-REL-002; use its scoped requirement, not the source's universal enforcement or runtime implementation."
model-agent/rules/vibe-data-modelling-rules.csv,51,REL-RUL-010,Potential and Orphaned FK Detection,DBX-REL-003,adapted,"Reconciled into DBX-REL-003; use its scoped requirement, not the source's universal enforcement or runtime implementation."
model-agent/rules/vibe-data-modelling-rules.csv,52,REL-RUL-011,FK Column Rename,DBX-REL-003,adapted,"Reconciled into DBX-REL-003; use its scoped requirement, not the source's universal enforcement or runtime implementation."
model-agent/rules/vibe-data-modelling-rules.csv,53,REL-RUL-012,Parent-Child FK Protected,DBX-REL-003,adapted,"Reconciled into DBX-REL-003; use its scoped requirement, not the source's universal enforcement or runtime implementation."
model-agent/rules/vibe-data-modelling-rules.csv,54,REL-RUL-013,Multiple FKs to Same Target — Labeling Required,DBX-REL-002,adapted,"Reconciled into DBX-REL-002; use its scoped requirement, not the source's universal enforcement or runtime implementation."
model-agent/rules/vibe-data-modelling-rules.csv,55,REL-RUL-014,Duplicate FK Detection and Removal,DBX-REL-002,adapted,"Reconciled into DBX-REL-002; use its scoped requirement, not the source's universal enforcement or runtime implementation."
model-agent/rules/vibe-data-modelling-rules.csv,56,REL-RUL-015,Fully Qualified FKs,DBX-KEY-002,adapted,"Reconciled into DBX-KEY-002; use its scoped requirement, not the source's universal enforcement or runtime implementation."
model-agent/rules/vibe-data-modelling-rules.csv,57,REL-RUL-016,No Placeholder FKs,DBX-KEY-002,adapted,"Reconciled into DBX-KEY-002; use its scoped requirement, not the source's universal enforcement or runtime implementation."
model-agent/rules/vibe-data-modelling-rules.csv,58,REL-RUL-027,Self-Ref FK Column Naming,DBX-REL-002,adapted,"Reconciled into DBX-REL-002; use its scoped requirement, not the source's universal enforcement or runtime implementation."
model-agent/rules/vibe-data-modelling-rules.csv,59,REL-RUL-028,FK Name Equals Target PK Verbatim (No Double-Suffix),DBX-REL-003,adapted,"Reconciled into DBX-REL-003; use its scoped requirement, not the source's universal enforcement or runtime implementation."
model-agent/rules/vibe-data-modelling-rules.csv,60,REL-RUL-029,FK Temporal Precedence,DBX-REL-001,adapted,"Reconciled into DBX-REL-001; use its scoped requirement, not the source's universal enforcement or runtime implementation."
model-agent/rules/vibe-data-modelling-rules.csv,61,REL-RUL-030,FK Cardinality Correctness,DBX-REL-001,adapted,"Reconciled into DBX-REL-001; use its scoped requirement, not the source's universal enforcement or runtime implementation."
model-agent/rules/vibe-data-modelling-rules.csv,62,REL-RUL-031,Junction Table Purity,DBX-REL-003,adapted,"Reconciled into DBX-REL-003; use its scoped requirement, not the source's universal enforcement or runtime implementation."
model-agent/rules/vibe-data-modelling-rules.csv,63,REL-RUL-035,FK-Addition Attribute Budget + Canonical-Code Advisory,DBX-SIZE-001,adapted,"Reconciled into DBX-SIZE-001; use its scoped requirement, not the source's universal enforcement or runtime implementation."
model-agent/rules/vibe-data-modelling-rules.csv,64,REL-RUL-036,Business-Process FK Path Completeness,DBX-REL-003,adapted,"Reconciled into DBX-REL-003; use its scoped requirement, not the source's universal enforcement or runtime implementation."
model-agent/rules/vibe-data-modelling-rules.csv,65,REL-RUL-037,Cross-Domain FK Must Be Semantically Valid,DBX-REL-003,adapted,"Reconciled into DBX-REL-003; use its scoped requirement, not the source's universal enforcement or runtime implementation."
model-agent/rules/vibe-data-modelling-rules.csv,66,REL-RUL-038,Person/Role FK Targets a Person Entity,DBX-REL-003,adapted,"Reconciled into DBX-REL-003; use its scoped requirement, not the source's universal enforcement or runtime implementation."
model-agent/rules/vibe-data-modelling-rules.csv,67,REL-RUL-039,FK Namespace Coherence,DBX-REL-001,adapted,"Reconciled into DBX-REL-001; use its scoped requirement, not the source's universal enforcement or runtime implementation."
model-agent/rules/vibe-data-modelling-rules.csv,68,REL-RUL-046,Metric-View Columns Must Resolve to Real Attributes,DBX-MET-001,adapted,"Reconciled into DBX-MET-001; use its scoped requirement, not the source's universal enforcement or runtime implementation."
model-agent/rules/vibe-data-modelling-rules.csv,69,ATT-RUL-004,No Product Prefix on Attributes,DBX-NAME-002,adapted,"Reconciled into DBX-NAME-002; use its scoped requirement, not the source's universal enforcement or runtime implementation."
model-agent/rules/vibe-data-modelling-rules.csv,70,ATT-RUL-006,PK Naming Pattern,DBX-NAME-002,adapted,"Reconciled into DBX-NAME-002; use its scoped requirement, not the source's universal enforcement or runtime implementation."
model-agent/rules/vibe-data-modelling-rules.csv,71,ATT-RUL-007,FK Column Suffix Rule,DBX-NAME-002,adapted,"Reconciled into DBX-NAME-002; use its scoped requirement, not the source's universal enforcement or runtime implementation."
model-agent/rules/vibe-data-modelling-rules.csv,72,ATT-RUL-008,Column Name Max Length,DBX-NAME-002,adapted,"Reconciled into DBX-NAME-002; use its scoped requirement, not the source's universal enforcement or runtime implementation."
model-agent/rules/vibe-data-modelling-rules.csv,73,ATT-RUL-012,Semantic Attribute Names,DBX-NAME-002,adapted,"Reconciled into DBX-NAME-002; use its scoped requirement, not the source's universal enforcement or runtime implementation."
model-agent/rules/vibe-data-modelling-rules.csv,74,ATT-RUL-014,Preserve Unit Qualifiers,DBX-NAME-002,adapted,"Reconciled into DBX-NAME-002; use its scoped requirement, not the source's universal enforcement or runtime implementation."
model-agent/rules/vibe-data-modelling-rules.csv,75,ATT-RUL-017,Unique Attribute Names,DBX-NAME-001,adapted,"Reconciled into DBX-NAME-001; use its scoped requirement, not the source's universal enforcement or runtime implementation."
model-agent/rules/vibe-data-modelling-rules.csv,76,ATT-RUL-058,Bare Attribute Name Prohibition,DBX-NAME-002,adapted,"Reconciled into DBX-NAME-002; use its scoped requirement, not the source's universal enforcement or runtime implementation."
model-agent/rules/vibe-data-modelling-rules.csv,77,ATT-RUL-061,PK Casing Boundary Preservation,DBX-NAME-002,adapted,"Reconciled into DBX-NAME-002; use its scoped requirement, not the source's universal enforcement or runtime implementation."
model-agent/rules/vibe-data-modelling-rules.csv,78,ATT-RUL-065,Bare Reserved-Word Attribute Prefixing,DBX-NAME-002,adapted,"Reconciled into DBX-NAME-002; use its scoped requirement, not the source's universal enforcement or runtime implementation."
model-agent/rules/vibe-data-modelling-rules.csv,79,DOM-RUL-002,Single-Word Domains,DBX-NAME-002,adapted,"Reconciled into DBX-NAME-002; use its scoped requirement, not the source's universal enforcement or runtime implementation."
model-agent/rules/vibe-data-modelling-rules.csv,80,DOM-RUL-004,Singular Domain Names,DBX-NAME-002,adapted,"Reconciled into DBX-NAME-002; use its scoped requirement, not the source's universal enforcement or runtime implementation."
model-agent/rules/vibe-data-modelling-rules.csv,81,GEN-RUL-001,Snake Case Default,DBX-NAME-001,adapted,"Reconciled into DBX-NAME-001; use its scoped requirement, not the source's universal enforcement or runtime implementation."
model-agent/rules/vibe-data-modelling-rules.csv,82,GEN-RUL-002,Valid Identifier Characters,DBX-NAME-001,adapted,"Reconciled into DBX-NAME-001; use its scoped requirement, not the source's universal enforcement or runtime implementation."
model-agent/rules/vibe-data-modelling-rules.csv,83,GEN-RUL-003,Industry Jargon Usage,DBX-NAME-002,adapted,"Reconciled into DBX-NAME-002; use its scoped requirement, not the source's universal enforcement or runtime implementation."
model-agent/rules/vibe-data-modelling-rules.csv,84,GEN-RUL-004,Digit-Start Names,DBX-NAME-001,adapted,"Reconciled into DBX-NAME-001; use its scoped requirement, not the source's universal enforcement or runtime implementation."
model-agent/rules/vibe-data-modelling-rules.csv,85,PRD-RUL-004,Product Name Length,DBX-NAME-002,adapted,"Reconciled into DBX-NAME-002; use its scoped requirement, not the source's universal enforcement or runtime implementation."
model-agent/rules/vibe-data-modelling-rules.csv,86,PRD-RUL-006,No Domain Prefix on Products,DBX-NAME-002,adapted,"Reconciled into DBX-NAME-002; use its scoped requirement, not the source's universal enforcement or runtime implementation."
model-agent/rules/vibe-data-modelling-rules.csv,87,PRD-RUL-014,Association Table Naming,DBX-NAME-002,adapted,"Reconciled into DBX-NAME-002; use its scoped requirement, not the source's universal enforcement or runtime implementation."
model-agent/rules/vibe-data-modelling-rules.csv,88,PRD-RUL-016,Merged Table Naming,DBX-NAME-002,adapted,"Reconciled into DBX-NAME-002; use its scoped requirement, not the source's universal enforcement or runtime implementation."
model-agent/rules/vibe-data-modelling-rules.csv,89,PRD-RUL-020,Forbidden Product Suffixes,DBX-SCOPE-001,adapted,"Reconciled into DBX-SCOPE-001; use its scoped requirement, not the source's universal enforcement or runtime implementation."
model-agent/rules/vibe-data-modelling-rules.csv,90,PRD-RUL-022,Max Underscore Segments,DBX-NAME-002,adapted,"Reconciled into DBX-NAME-002; use its scoped requirement, not the source's universal enforcement or runtime implementation."
model-agent/rules/vibe-data-modelling-rules.csv,91,PRD-RUL-024,Keep Names on Relocation,DBX-EVOL-001,adapted,"Reconciled into DBX-EVOL-001; use its scoped requirement, not the source's universal enforcement or runtime implementation."
model-agent/rules/vibe-data-modelling-rules.csv,92,PRD-RUL-025,Conditional Domain Prefix,DBX-NAME-002,adapted,"Reconciled into DBX-NAME-002; use its scoped requirement, not the source's universal enforcement or runtime implementation."
model-agent/rules/vibe-data-modelling-rules.csv,93,PRD-RUL-026,Logical/Physical Name Match,DBX-NAME-001,adapted,"Reconciled into DBX-NAME-001; use its scoped requirement, not the source's universal enforcement or runtime implementation."
model-agent/rules/vibe-data-modelling-rules.csv,94,ATT-RUL-032,Denormalized Attribute Detection,DBX-NORM-001,adapted,"Reconciled into DBX-NORM-001; use its scoped requirement, not the source's universal enforcement or runtime implementation."
model-agent/rules/vibe-data-modelling-rules.csv,95,ATT-RUL-034,Self-Attribute Exemption,DBX-NORM-001,adapted,"Reconciled into DBX-NORM-001; use its scoped requirement, not the source's universal enforcement or runtime implementation."
model-agent/rules/vibe-data-modelling-rules.csv,96,ATT-RUL-036,Measurement Exemption,DBX-NORM-001,adapted,"Reconciled into DBX-NORM-001; use its scoped requirement, not the source's universal enforcement or runtime implementation."
model-agent/rules/vibe-data-modelling-rules.csv,97,ATT-RUL-038,Coordinates Exemption,DBX-NORM-001,adapted,"Reconciled into DBX-NORM-001; use its scoped requirement, not the source's universal enforcement or runtime implementation."
model-agent/rules/vibe-data-modelling-rules.csv,98,ATT-RUL-040,Point-in-Time Snapshot Exemption,DBX-NORM-001,adapted,"Reconciled into DBX-NORM-001; use its scoped requirement, not the source's universal enforcement or runtime implementation."
model-agent/rules/vibe-data-modelling-rules.csv,99,ATT-RUL-042,Audit Trail Exemption,DBX-NORM-001,adapted,"Reconciled into DBX-NORM-001; use its scoped requirement, not the source's universal enforcement or runtime implementation."
model-agent/rules/vibe-data-modelling-rules.csv,100,ATT-RUL-043,Exact Match Only,DBX-NORM-001,adapted,"Reconciled into DBX-NORM-001; use its scoped requirement, not the source's universal enforcement or runtime implementation."
model-agent/rules/vibe-data-modelling-rules.csv,101,ATT-RUL-044,Conservative Bias,DBX-NORM-001,adapted,"Reconciled into DBX-NORM-001; use its scoped requirement, not the source's universal enforcement or runtime implementation."
model-agent/rules/vibe-data-modelling-rules.csv,102,ATT-RUL-045,No Calculated Metrics,DBX-SCOPE-001,adapted,"Reconciled into DBX-SCOPE-001; use its scoped requirement, not the source's universal enforcement or runtime implementation."
model-agent/rules/vibe-data-modelling-rules.csv,103,ATT-RUL-046,No Speculative Columns,DBX-SCOPE-001,adapted,"Reconciled into DBX-SCOPE-001; use its scoped requirement, not the source's universal enforcement or runtime implementation."
model-agent/rules/vibe-data-modelling-rules.csv,104,ATT-RUL-047,3NF Enforcement,DBX-NORM-001,adapted,"Reconciled into DBX-NORM-001; use its scoped requirement, not the source's universal enforcement or runtime implementation."
model-agent/rules/vibe-data-modelling-rules.csv,105,ATT-RUL-068,No Self-PK Declared as Orphaned FK,DBX-REL-002,adapted,"Reconciled into DBX-REL-002; use its scoped requirement, not the source's universal enforcement or runtime implementation."
model-agent/rules/vibe-data-modelling-rules.csv,106,ATT-RUL-077,3NF Transitive Dependencies Extracted to Lookups,DBX-NORM-001,adapted,"Reconciled into DBX-NORM-001; use its scoped requirement, not the source's universal enforcement or runtime implementation."
model-agent/rules/vibe-data-modelling-rules.csv,107,ATT-RUL-078,FK Addition Surrenders Now-Redundant Columns,DBX-NORM-001,adapted,"Reconciled into DBX-NORM-001; use its scoped requirement, not the source's universal enforcement or runtime implementation."
model-agent/rules/vibe-data-modelling-rules.csv,108,ATT-RUL-079,No Denormalized Natural Key Beside Its FK,DBX-NORM-001,adapted,"Reconciled into DBX-NORM-001; use its scoped requirement, not the source's universal enforcement or runtime implementation."
model-agent/rules/vibe-data-modelling-rules.csv,109,ATT-RUL-080,FK-Triggered Redundant-Column Consolidation,DBX-NORM-001,adapted,"Reconciled into DBX-NORM-001; use its scoped requirement, not the source's universal enforcement or runtime implementation."
model-agent/rules/vibe-data-modelling-rules.csv,110,ATT-RUL-083,Point-in-Time Override Values Kept on Event Tables,DBX-NORM-001,adapted,"Reconciled into DBX-NORM-001; use its scoped requirement, not the source's universal enforcement or runtime implementation."
model-agent/rules/vibe-data-modelling-rules.csv,111,ATT-RUL-087,Self-PK Must Not Be Declared as a Self-FK,DBX-REL-002,adapted,"Reconciled into DBX-REL-002; use its scoped requirement, not the source's universal enforcement or runtime implementation."
model-agent/rules/vibe-data-modelling-rules.csv,112,REL-RUL-026,Domain-Level FK Resolution,DBX-NORM-001,adapted,"Reconciled into DBX-NORM-001; use its scoped requirement, not the source's universal enforcement or runtime implementation."
model-agent/rules/vibe-data-modelling-rules.csv,113,ATT-RUL-048,Every Product Has PK,DBX-KEY-001,adapted,"Reconciled into DBX-KEY-001; use its scoped requirement, not the source's universal enforcement or runtime implementation."
model-agent/rules/vibe-data-modelling-rules.csv,114,ATT-RUL-049,PK Naming Convention,DBX-KEY-001,adapted,"Reconciled into DBX-KEY-001; use its scoped requirement, not the source's universal enforcement or runtime implementation."
model-agent/rules/vibe-data-modelling-rules.csv,115,ATT-RUL-050,PK Data Type,DBX-KEY-001,adapted,"Reconciled into DBX-KEY-001; use its scoped requirement, not the source's universal enforcement or runtime implementation."
model-agent/rules/vibe-data-modelling-rules.csv,116,ATT-RUL-051,PK First Attribute,DBX-KEY-001,adapted,"Reconciled into DBX-KEY-001; use its scoped requirement, not the source's universal enforcement or runtime implementation."
model-agent/rules/vibe-data-modelling-rules.csv,117,ATT-RUL-052,PK Exempt from Prefix Strip,DBX-KEY-001,adapted,"Reconciled into DBX-KEY-001; use its scoped requirement, not the source's universal enforcement or runtime implementation."
model-agent/rules/vibe-data-modelling-rules.csv,118,ATT-RUL-053,Association PK Naming,DBX-KEY-001,adapted,"Reconciled into DBX-KEY-001; use its scoped requirement, not the source's universal enforcement or runtime implementation."
model-agent/rules/vibe-data-modelling-rules.csv,119,ATT-RUL-054,PK Not in Orphaned FK List,DBX-KEY-001,adapted,"Reconciled into DBX-KEY-001; use its scoped requirement, not the source's universal enforcement or runtime implementation."
model-agent/rules/vibe-data-modelling-rules.csv,120,ATT-RUL-055,PK Detection Patterns,DBX-KEY-001,adapted,"Reconciled into DBX-KEY-001; use its scoped requirement, not the source's universal enforcement or runtime implementation."
model-agent/rules/vibe-data-modelling-rules.csv,121,ATT-RUL-056,Junction Table PKs,DBX-KEY-001,adapted,"Reconciled into DBX-KEY-001; use its scoped requirement, not the source's universal enforcement or runtime implementation."
model-agent/rules/vibe-data-modelling-rules.csv,122,ATT-RUL-057,Validate PK Names,DBX-KEY-001,adapted,"Reconciled into DBX-KEY-001; use its scoped requirement, not the source's universal enforcement or runtime implementation."
model-agent/rules/vibe-data-modelling-rules.csv,123,ATT-RUL-029,Strict Column Ordering,DBX-OBJ-001,adapted,"Reconciled into DBX-OBJ-001; use its scoped requirement, not the source's universal enforcement or runtime implementation."
model-agent/rules/vibe-data-modelling-rules.csv,124,ATT-RUL-030,Junction Table Audit Columns,DBX-OBJ-001,adapted,"Reconciled into DBX-OBJ-001; use its scoped requirement, not the source's universal enforcement or runtime implementation."
model-agent/rules/vibe-data-modelling-rules.csv,125,ATT-RUL-031,Resolve Semantic Synonyms,DBX-DEDUP-001,adapted,"Reconciled into DBX-DEDUP-001; use its scoped requirement, not the source's universal enforcement or runtime implementation."
model-agent/rules/vibe-data-modelling-rules.csv,126,ATT-RUL-062,Canonical Attribute Categories — Hard Minimums by Entity Role,DBX-OBJ-001,adapted,"Reconciled into DBX-OBJ-001; use its scoped requirement, not the source's universal enforcement or runtime implementation."
model-agent/rules/vibe-data-modelling-rules.csv,127,ATT-RUL-071,Attribute Completeness Floor — Include ALL Business Fields,DBX-SCOPE-001,adapted,"Reconciled into DBX-SCOPE-001; use its scoped requirement, not the source's universal enforcement or runtime implementation."
model-agent/rules/vibe-data-modelling-rules.csv,128,PRD-RUL-027,M:N Requires 3 Indicators,DBX-REL-003,adapted,"Reconciled into DBX-REL-003; use its scoped requirement, not the source's universal enforcement or runtime implementation."
model-agent/rules/vibe-data-modelling-rules.csv,129,PRD-RUL-028,M:N Strong Indicators,DBX-REL-003,adapted,"Reconciled into DBX-REL-003; use its scoped requirement, not the source's universal enforcement or runtime implementation."
model-agent/rules/vibe-data-modelling-rules.csv,130,PRD-RUL-029,Association Ratio Limits,DBX-SIZE-001,adapted,"Reconciled into DBX-SIZE-001; use its scoped requirement, not the source's universal enforcement or runtime implementation."
model-agent/rules/vibe-data-modelling-rules.csv,131,PRD-RUL-030,MVM No Cross-Domain M:N,DBX-REL-003,adapted,"Reconciled into DBX-REL-003; use its scoped requirement, not the source's universal enforcement or runtime implementation."
model-agent/rules/vibe-data-modelling-rules.csv,132,PRD-RUL-031,Core Products 1-3 Per Domain,DBX-OBJ-001,adapted,"Reconciled into DBX-OBJ-001; use its scoped requirement, not the source's universal enforcement or runtime implementation."
model-agent/rules/vibe-data-modelling-rules.csv,133,PRD-RUL-032,Tiered Entity Selection,DBX-OBJ-001,adapted,"Reconciled into DBX-OBJ-001; use its scoped requirement, not the source's universal enforcement or runtime implementation."
model-agent/rules/vibe-data-modelling-rules.csv,134,PRD-RUL-033,Forbidden Products,DBX-SCOPE-001,adapted,"Reconciled into DBX-SCOPE-001; use its scoped requirement, not the source's universal enforcement or runtime implementation."
model-agent/rules/vibe-data-modelling-rules.csv,135,PRD-RUL-035,Anti-Bloat Self-Check,DBX-OBJ-001,adapted,"Reconciled into DBX-OBJ-001; use its scoped requirement, not the source's universal enforcement or runtime implementation."
model-agent/rules/vibe-data-modelling-rules.csv,136,PRD-RUL-036,Small Table Handling,DBX-OBJ-001,adapted,"Reconciled into DBX-OBJ-001; use its scoped requirement, not the source's universal enforcement or runtime implementation."
model-agent/rules/vibe-data-modelling-rules.csv,137,PRD-RUL-037,Domain Boundary Discipline,DBX-OBJ-001,adapted,"Reconciled into DBX-OBJ-001; use its scoped requirement, not the source's universal enforcement or runtime implementation."
model-agent/rules/vibe-data-modelling-rules.csv,138,PRD-RUL-038,No FK in Attribute Step,DBX-OBJ-001,adapted,"Reconciled into DBX-OBJ-001; use its scoped requirement, not the source's universal enforcement or runtime implementation."
model-agent/rules/vibe-data-modelling-rules.csv,139,PRD-RUL-040,Silver Layer Only,DBX-SCOPE-001,adapted,"Reconciled into DBX-SCOPE-001; use its scoped requirement, not the source's universal enforcement or runtime implementation."
model-agent/rules/vibe-data-modelling-rules.csv,140,PRD-RUL-041,MVM Domain Selection,DBX-SCOPE-001,adapted,"Reconciled into DBX-SCOPE-001; use its scoped requirement, not the source's universal enforcement or runtime implementation."
model-agent/rules/vibe-data-modelling-rules.csv,141,PRD-RUL-042,Mandatory Attributes by Type,DBX-OBJ-001,adapted,"Reconciled into DBX-OBJ-001; use its scoped requirement, not the source's universal enforcement or runtime implementation."
model-agent/rules/vibe-data-modelling-rules.csv,142,PRD-RUL-044,M:N Reject Analytical Correlations,DBX-REL-003,adapted,"Reconciled into DBX-REL-003; use its scoped requirement, not the source's universal enforcement or runtime implementation."
model-agent/rules/vibe-data-modelling-rules.csv,143,PRD-RUL-045,Comprehensive Party Coverage,DBX-SCOPE-001,adapted,"Reconciled into DBX-SCOPE-001; use its scoped requirement, not the source's universal enforcement or runtime implementation."
model-agent/rules/vibe-data-modelling-rules.csv,144,PRD-RUL-047,Validate Phantom Tables,DBX-REPAIR-001,adapted,"Reconciled into DBX-REPAIR-001; use its scoped requirement, not the source's universal enforcement or runtime implementation."
model-agent/rules/vibe-data-modelling-rules.csv,145,PRD-RUL-048,Domain Product-Count Hard Ceiling,DBX-SIZE-001,adapted,"Reconciled into DBX-SIZE-001; use its scoped requirement, not the source's universal enforcement or runtime implementation."
model-agent/rules/vibe-data-modelling-rules.csv,146,PRD-RUL-053,M:N Granularity-Mismatch Rejection (Event vs Master = 1:N),DBX-REL-003,adapted,"Reconciled into DBX-REL-003; use its scoped requirement, not the source's universal enforcement or runtime implementation."
model-agent/rules/vibe-data-modelling-rules.csv,147,PRD-RUL-054,M:N Reciprocity Confirmed in BOTH Directions,DBX-REL-003,adapted,"Reconciled into DBX-REL-003; use its scoped requirement, not the source's universal enforcement or runtime implementation."
model-agent/rules/vibe-data-modelling-rules.csv,148,PRD-RUL-055,M:N Justification Floor + Genuine Flag + Attr-Source Provenance,DBX-REL-003,adapted,"Reconciled into DBX-REL-003; use its scoped requirement, not the source's universal enforcement or runtime implementation."
model-agent/rules/vibe-data-modelling-rules.csv,149,PRD-RUL-056,Industry Anchor Entities Mandatory Per Domain,DBX-SCOPE-001,adapted,"Reconciled into DBX-SCOPE-001; use its scoped requirement, not the source's universal enforcement or runtime implementation."
model-agent/rules/vibe-data-modelling-rules.csv,150,PRD-RUL-057,Regulatory-Reporting-Driven Entity Coverage,DBX-SCOPE-001,adapted,"Reconciled into DBX-SCOPE-001; use its scoped requirement, not the source's universal enforcement or runtime implementation."
model-agent/rules/vibe-data-modelling-rules.csv,151,PRD-RUL-058,Master-vs-Transaction Balance Per Domain,DBX-SCOPE-001,adapted,"Reconciled into DBX-SCOPE-001; use its scoped requirement, not the source's universal enforcement or runtime implementation."
model-agent/rules/vibe-data-modelling-rules.csv,152,PRD-RUL-059,Duplicate Product-Pair Detection (X and prefixed_X),DBX-DEDUP-001,adapted,"Reconciled into DBX-DEDUP-001; use its scoped requirement, not the source's universal enforcement or runtime implementation."
model-agent/rules/vibe-data-modelling-rules.csv,153,PRD-RUL-061,Product Relocation Moves the Whole Cluster,DBX-EVOL-001,adapted,"Reconciled into DBX-EVOL-001; use its scoped requirement, not the source's universal enforcement or runtime implementation."
model-agent/rules/vibe-data-modelling-rules.csv,154,PRD-RUL-062,"Association Tables Capped, Least-Critical Trimmed First",DBX-SIZE-001,adapted,"Reconciled into DBX-SIZE-001; use its scoped requirement, not the source's universal enforcement or runtime implementation."
model-agent/rules/vibe-data-modelling-rules.csv,155,PRD-RUL-064,No Dangling Orphan FK Columns,DBX-REPAIR-001,adapted,"Reconciled into DBX-REPAIR-001; use its scoped requirement, not the source's universal enforcement or runtime implementation."
model-agent/rules/vibe-data-modelling-rules.csv,156,PRD-RUL-067,Master vs Transaction Balance Per Domain,DBX-SCOPE-001,adapted,"Reconciled into DBX-SCOPE-001; use its scoped requirement, not the source's universal enforcement or runtime implementation."
model-agent/rules/vibe-data-modelling-rules.csv,157,PRD-RUL-068,Industry Anchor Entities Present Per Domain,DBX-SCOPE-001,adapted,"Reconciled into DBX-SCOPE-001; use its scoped requirement, not the source's universal enforcement or runtime implementation."
model-agent/rules/vibe-data-modelling-rules.csv,158,ATT-RUL-026,Strict Column Range Limits,DBX-SIZE-001,adapted,"Reconciled into DBX-SIZE-001; use its scoped requirement, not the source's universal enforcement or runtime implementation."
model-agent/rules/vibe-data-modelling-rules.csv,159,ATT-RUL-028,Column Descriptions,DBX-META-001,adapted,"Reconciled into DBX-META-001; use its scoped requirement, not the source's universal enforcement or runtime implementation."
model-agent/rules/vibe-data-modelling-rules.csv,160,DOM-RUL-028,Strict Domain Range Limits,DBX-SIZE-001,adapted,"Reconciled into DBX-SIZE-001; use its scoped requirement, not the source's universal enforcement or runtime implementation."
model-agent/rules/vibe-data-modelling-rules.csv,161,DOM-RUL-030,No Tech Infrastructure Domains,DBX-META-001,adapted,"Reconciled into DBX-META-001; use its scoped requirement, not the source's universal enforcement or runtime implementation."
model-agent/rules/vibe-data-modelling-rules.csv,162,DOM-RUL-031,Distinct Domain Descriptions,DBX-META-001,adapted,"Reconciled into DBX-META-001; use its scoped requirement, not the source's universal enforcement or runtime implementation."
model-agent/rules/vibe-data-modelling-rules.csv,163,DOM-RUL-032,Minimum 3 Domains,DBX-SIZE-001,adapted,"Reconciled into DBX-SIZE-001; use its scoped requirement, not the source's universal enforcement or runtime implementation."
model-agent/rules/vibe-data-modelling-rules.csv,164,DOM-RUL-033,Remove Empty Domains,DBX-OBJ-001,adapted,"Reconciled into DBX-OBJ-001; use its scoped requirement, not the source's universal enforcement or runtime implementation."
model-agent/rules/vibe-data-modelling-rules.csv,165,PRD-RUL-034,Strict Table Range Limits,DBX-SIZE-001,adapted,"Reconciled into DBX-SIZE-001; use its scoped requirement, not the source's universal enforcement or runtime implementation."
model-agent/rules/vibe-data-modelling-rules.csv,166,PRD-RUL-046,Table Descriptions,DBX-META-001,adapted,"Reconciled into DBX-META-001; use its scoped requirement, not the source's universal enforcement or runtime implementation."
model-agent/rules/vibe-data-modelling-rules.csv,167,OPS-RUL-012,Metric Views Reference Only Columns on Their Own Source Table,DBX-MET-001,adapted,"Reconciled into DBX-MET-001; use its scoped requirement, not the source's universal enforcement or runtime implementation."
model-agent/rules/vibe-data-modelling-rules.csv,168,DOM-RUL-023,Cross-Domain Connectivity,DBX-GRAPH-002,adapted,"Reconciled into DBX-GRAPH-002; use its scoped requirement, not the source's universal enforcement or runtime implementation."
model-agent/rules/vibe-data-modelling-rules.csv,169,PRD-RUL-039,Lookup Tables Not Siloed,DBX-GRAPH-002,adapted,"Reconciled into DBX-GRAPH-002; use its scoped requirement, not the source's universal enforcement or runtime implementation."
model-agent/rules/vibe-data-modelling-rules.csv,170,REL-RUL-017,FK Graph Is Acyclic (DAG),DBX-GRAPH-001,adapted,"Reconciled into DBX-GRAPH-001; use its scoped requirement, not the source's universal enforcement or runtime implementation."
model-agent/rules/vibe-data-modelling-rules.csv,171,REL-RUL-018,Hierarchical Self-Reference Prefix List,DBX-GRAPH-001,adapted,"Reconciled into DBX-GRAPH-001; use its scoped requirement, not the source's universal enforcement or runtime implementation."
model-agent/rules/vibe-data-modelling-rules.csv,172,REL-RUL-019,Zero Siloed Tables,DBX-GRAPH-002,adapted,"Reconciled into DBX-GRAPH-002; use its scoped requirement, not the source's universal enforcement or runtime implementation."
model-agent/rules/vibe-data-modelling-rules.csv,173,REL-RUL-020,Computed Reference Break First,DBX-REPAIR-001,adapted,"Reconciled into DBX-REPAIR-001; use its scoped requirement, not the source's universal enforcement or runtime implementation."
model-agent/rules/vibe-data-modelling-rules.csv,174,REL-RUL-021,Minimize Cycle Breaks,DBX-REPAIR-001,adapted,"Reconciled into DBX-REPAIR-001; use its scoped requirement, not the source's universal enforcement or runtime implementation."
model-agent/rules/vibe-data-modelling-rules.csv,175,REL-RUL-022,Cycle Break Edge Verification,DBX-REPAIR-001,adapted,"Reconciled into DBX-REPAIR-001; use its scoped requirement, not the source's universal enforcement or runtime implementation."
model-agent/rules/vibe-data-modelling-rules.csv,176,REL-RUL-023,No Silo From Cycle Break,DBX-GRAPH-002,adapted,"Reconciled into DBX-GRAPH-002; use its scoped requirement, not the source's universal enforcement or runtime implementation."
model-agent/rules/vibe-data-modelling-rules.csv,177,REL-RUL-024,Business Semantics Before Breaking,DBX-GRAPH-001,adapted,"Reconciled into DBX-GRAPH-001; use its scoped requirement, not the source's universal enforcement or runtime implementation."
model-agent/rules/vibe-data-modelling-rules.csv,178,REL-RUL-025,FK Anomaly Types,DBX-GRAPH-001,adapted,"Reconciled into DBX-GRAPH-001; use its scoped requirement, not the source's universal enforcement or runtime implementation."
model-agent/rules/vibe-data-modelling-rules.csv,179,REL-RUL-032,Residual FK Cycles Must Be Broken Deterministically,DBX-REPAIR-001,adapted,"Reconciled into DBX-REPAIR-001; use its scoped requirement, not the source's universal enforcement or runtime implementation."
model-agent/rules/vibe-data-modelling-rules.csv,180,REL-RUL-033,No Cyclic FK Schema May Ship,DBX-GRAPH-001,adapted,"Reconciled into DBX-GRAPH-001; use its scoped requirement, not the source's universal enforcement or runtime implementation."
model-agent/rules/vibe-data-modelling-rules.csv,181,REL-RUL-044,Attribute Belongs to Its Rightful Owner,DBX-NORM-001,adapted,"Reconciled into DBX-NORM-001; use its scoped requirement, not the source's universal enforcement or runtime implementation."
model-agent/rules/vibe-data-modelling-rules.csv,182,ATT-RUL-033,PK Sequential,DBX-SAMPLE-001,deferred,Sample generation is outside MVP; future policy selects actual parent keys and verifies constraints.
model-agent/rules/vibe-data-modelling-rules.csv,183,ATT-RUL-035,FK Random Range,DBX-SAMPLE-001,deferred,Sample generation is outside MVP; future policy selects actual parent keys and verifies constraints.
model-agent/rules/vibe-data-modelling-rules.csv,184,ATT-RUL-037,PK/FK Exclusivity,DBX-SAMPLE-001,deferred,Sample generation is outside MVP; future policy selects actual parent keys and verifies constraints.
model-agent/rules/vibe-data-modelling-rules.csv,185,ATT-RUL-039,Regex Compliance,DBX-SAMPLE-001,deferred,Sample generation is outside MVP; future policy selects actual parent keys and verifies constraints.
model-agent/rules/vibe-data-modelling-rules.csv,186,ATT-RUL-041,Geographic Codes,DBX-SAMPLE-001,deferred,Sample generation is outside MVP; future policy selects actual parent keys and verifies constraints.
model-agent/rules/vibe-data-modelling-rules.csv,187,GEN-RUL-005,Exact Record Count,DBX-SAMPLE-001,deferred,Sample generation is outside MVP; future policy selects actual parent keys and verifies constraints.
model-agent/rules/vibe-data-modelling-rules.csv,188,GEN-RUL-006,No Lorem Ipsum,DBX-SAMPLE-001,deferred,Sample generation is outside MVP; future policy selects actual parent keys and verifies constraints.
model-agent/rules/vibe-data-modelling-rules.csv,189,ATT-RUL-013,Attribute Dedup Confidence,DBX-DEDUP-001,adapted,"Reconciled into DBX-DEDUP-001; use its scoped requirement, not the source's universal enforcement or runtime implementation."
model-agent/rules/vibe-data-modelling-rules.csv,190,ATT-RUL-015,No Name Invention in Merge,DBX-DEDUP-001,adapted,"Reconciled into DBX-DEDUP-001; use its scoped requirement, not the source's universal enforcement or runtime implementation."
model-agent/rules/vibe-data-modelling-rules.csv,191,ATT-RUL-016,High-Confidence Column Dedup,DBX-DEDUP-001,adapted,"Reconciled into DBX-DEDUP-001; use its scoped requirement, not the source's universal enforcement or runtime implementation."
model-agent/rules/vibe-data-modelling-rules.csv,192,ATT-RUL-018,Protect Key Attributes,DBX-DEDUP-001,adapted,"Reconciled into DBX-DEDUP-001; use its scoped requirement, not the source's universal enforcement or runtime implementation."
model-agent/rules/vibe-data-modelling-rules.csv,193,DOM-RUL-016,Unique Domain Names,DBX-NAME-001,adapted,"Reconciled into DBX-NAME-001; use its scoped requirement, not the source's universal enforcement or runtime implementation."
model-agent/rules/vibe-data-modelling-rules.csv,194,PRD-RUL-001,First-Class Entity Test,DBX-OBJ-001,adapted,"Reconciled into DBX-OBJ-001; use its scoped requirement, not the source's universal enforcement or runtime implementation."
model-agent/rules/vibe-data-modelling-rules.csv,195,PRD-RUL-002,SSOT Violation Detection,DBX-DEDUP-001,adapted,"Reconciled into DBX-DEDUP-001; use its scoped requirement, not the source's universal enforcement or runtime implementation."
model-agent/rules/vibe-data-modelling-rules.csv,196,PRD-RUL-003,Overlap Threshold for Merge,DBX-DEDUP-001,adapted,"Reconciled into DBX-DEDUP-001; use its scoped requirement, not the source's universal enforcement or runtime implementation."
model-agent/rules/vibe-data-modelling-rules.csv,197,PRD-RUL-005,Overlap Threshold for Remove,DBX-DEDUP-001,adapted,"Reconciled into DBX-DEDUP-001; use its scoped requirement, not the source's universal enforcement or runtime implementation."
model-agent/rules/vibe-data-modelling-rules.csv,198,PRD-RUL-007,Different Entity Types Protected,DBX-DEDUP-001,adapted,"Reconciled into DBX-DEDUP-001; use its scoped requirement, not the source's universal enforcement or runtime implementation."
model-agent/rules/vibe-data-modelling-rules.csv,199,PRD-RUL-008,Generic vs Specific Scope Guard,DBX-DEDUP-001,adapted,"Reconciled into DBX-DEDUP-001; use its scoped requirement, not the source's universal enforcement or runtime implementation."
model-agent/rules/vibe-data-modelling-rules.csv,200,PRD-RUL-009,Domain Merge Threshold,DBX-DEDUP-001,adapted,"Reconciled into DBX-DEDUP-001; use its scoped requirement, not the source's universal enforcement or runtime implementation."
model-agent/rules/vibe-data-modelling-rules.csv,201,PRD-RUL-010,Merge Over Delete,DBX-DEDUP-001,adapted,"Reconciled into DBX-DEDUP-001; use its scoped requirement, not the source's universal enforcement or runtime implementation."
model-agent/rules/vibe-data-modelling-rules.csv,202,PRD-RUL-012,Mutual Exclusivity,DBX-DEDUP-001,adapted,"Reconciled into DBX-DEDUP-001; use its scoped requirement, not the source's universal enforcement or runtime implementation."
model-agent/rules/vibe-data-modelling-rules.csv,203,PRD-RUL-013,FK Orphaning Check,DBX-DEDUP-001,adapted,"Reconciled into DBX-DEDUP-001; use its scoped requirement, not the source's universal enforcement or runtime implementation."
model-agent/rules/vibe-data-modelling-rules.csv,204,PRD-RUL-015,Removal Confidence,DBX-DEDUP-001,adapted,"Reconciled into DBX-DEDUP-001; use its scoped requirement, not the source's universal enforcement or runtime implementation."
model-agent/rules/vibe-data-modelling-rules.csv,205,PRD-RUL-017,Discriminator Pattern,DBX-DEDUP-001,adapted,"Reconciled into DBX-DEDUP-001; use its scoped requirement, not the source's universal enforcement or runtime implementation."
model-agent/rules/vibe-data-modelling-rules.csv,206,PRD-RUL-021,Unique Table Names per Domain,DBX-NAME-001,adapted,"Reconciled into DBX-NAME-001; use its scoped requirement, not the source's universal enforcement or runtime implementation."
model-agent/rules/vibe-data-modelling-rules.csv,207,PRD-RUL-023,Consolidate Cross-Domain Tables,DBX-DEDUP-001,adapted,"Reconciled into DBX-DEDUP-001; use its scoped requirement, not the source's universal enforcement or runtime implementation."
model-agent/rules/vibe-data-modelling-rules.csv,208,PRD-RUL-069,No Bare/Prefixed Duplicate Product Pair in a Domain,DBX-DEDUP-001,adapted,"Reconciled into DBX-DEDUP-001; use its scoped requirement, not the source's universal enforcement or runtime implementation."
model-agent/rules/vibe-data-modelling-rules.csv,209,SDT-RUL-001,Method vs Channel,DBX-NORM-001,adapted,"Reconciled into DBX-NORM-001; use its scoped requirement, not the source's universal enforcement or runtime implementation."
model-agent/rules/vibe-data-modelling-rules.csv,210,SDT-RUL-002,ID vs Name,DBX-NORM-001,adapted,"Reconciled into DBX-NORM-001; use its scoped requirement, not the source's universal enforcement or runtime implementation."
model-agent/rules/vibe-data-modelling-rules.csv,211,SDT-RUL-003,Target vs Actual,DBX-NORM-001,adapted,"Reconciled into DBX-NORM-001; use its scoped requirement, not the source's universal enforcement or runtime implementation."
model-agent/rules/vibe-data-modelling-rules.csv,212,SDT-RUL-004,Lifecycle Timestamps,DBX-NORM-001,adapted,"Reconciled into DBX-NORM-001; use its scoped requirement, not the source's universal enforcement or runtime implementation."
model-agent/rules/vibe-data-modelling-rules.csv,213,SDT-RUL-005,Different Granularity,DBX-NORM-001,adapted,"Reconciled into DBX-NORM-001; use its scoped requirement, not the source's universal enforcement or runtime implementation."
model-agent/rules/vibe-data-modelling-rules.csv,214,SIZING-RUL-005,Model Breadth Scales With Industry Complexity,DBX-SIZE-001,adapted,"Reconciled into DBX-SIZE-001; use its scoped requirement, not the source's universal enforcement or runtime implementation."
model-agent/rules/vibe-data-modelling-rules.csv,215,SIZING-RUL-006,Sizing Validation Math (base × uplift ≥ tier total),DBX-SIZE-001,adapted,"Reconciled into DBX-SIZE-001; use its scoped requirement, not the source's universal enforcement or runtime implementation."
model-agent/rules/vibe-data-modelling-rules.csv,216,SIZING-RUL-007,"MVM Lightness From Fewer Tables, Not Thinner Attributes",DBX-SCOPE-001,adapted,"Reconciled into DBX-SCOPE-001; use its scoped requirement, not the source's universal enforcement or runtime implementation."
model-agent/rules/vibe-data-modelling-rules.csv,217,SIZING-RUL-008,"Resize Hits Absolute Volumetric Targets, Not Source Ratios",DBX-SIZE-001,adapted,"Reconciled into DBX-SIZE-001; use its scoped requirement, not the source's universal enforcement or runtime implementation."
model-agent/rules/vibe-data-modelling-rules.csv,218,SIZING-RUL-009,Resize Immutability Guarantees,DBX-EVOL-001,adapted,"Reconciled into DBX-EVOL-001; use its scoped requirement, not the source's universal enforcement or runtime implementation."
model-agent/rules/vibe-data-modelling-rules.csv,219,SIZING-RUL-010,MVM Back-Office Domain Exclusion,DBX-SCOPE-001,adapted,"Reconciled into DBX-SCOPE-001; use its scoped requirement, not the source's universal enforcement or runtime implementation."
model-agent/rules/vibe-data-modelling-rules.csv,220,SIZING-RUL-012,Thin-Domain Detection via Median,DBX-SIZE-001,adapted,"Reconciled into DBX-SIZE-001; use its scoped requirement, not the source's universal enforcement or runtime implementation."
model-agent/rules/vibe-data-modelling-rules.csv,221,SIZING-RUL-013,Deterministic Small-Overage Product Trim (≤3 above max),DBX-REPAIR-001,adapted,"Reconciled into DBX-REPAIR-001; use its scoped requirement, not the source's universal enforcement or runtime implementation."
model-agent/rules/vibe-data-modelling-rules.csv,222,SIZING-RUL-014,user_sizing_override Flag Emission Contract,DBX-INTENT-001,adapted,"Reconciled into DBX-INTENT-001; use its scoped requirement, not the source's universal enforcement or runtime implementation."
model-agent/rules/vibe-data-modelling-rules.csv,223,DOM-RUL-020,Subdomain Count Range,DBX-META-001,adapted,"Reconciled into DBX-META-001; use its scoped requirement, not the source's universal enforcement or runtime implementation."
model-agent/rules/vibe-data-modelling-rules.csv,224,DOM-RUL-021,Exactly Two Words,DBX-META-001,adapted,"Reconciled into DBX-META-001; use its scoped requirement, not the source's universal enforcement or runtime implementation."
model-agent/rules/vibe-data-modelling-rules.csv,225,DOM-RUL-022,Min Products Per Subdomain,DBX-META-001,adapted,"Reconciled into DBX-META-001; use its scoped requirement, not the source's universal enforcement or runtime implementation."
model-agent/rules/vibe-data-modelling-rules.csv,226,DOM-RUL-024,No Overlapping Words,DBX-META-001,adapted,"Reconciled into DBX-META-001; use its scoped requirement, not the source's universal enforcement or runtime implementation."
model-agent/rules/vibe-data-modelling-rules.csv,227,DOM-RUL-025,Business-Focused Names,DBX-META-001,adapted,"Reconciled into DBX-META-001; use its scoped requirement, not the source's universal enforcement or runtime implementation."
model-agent/rules/vibe-data-modelling-rules.csv,228,DOM-RUL-026,Balanced Distribution,DBX-META-001,adapted,"Reconciled into DBX-META-001; use its scoped requirement, not the source's universal enforcement or runtime implementation."
model-agent/rules/vibe-data-modelling-rules.csv,229,DOM-RUL-027,No Placeholder Names,DBX-META-001,adapted,"Reconciled into DBX-META-001; use its scoped requirement, not the source's universal enforcement or runtime implementation."
model-agent/rules/vibe-data-modelling-rules.csv,230,DOM-RUL-029,No Subdomain Drift,DBX-META-001,adapted,"Reconciled into DBX-META-001; use its scoped requirement, not the source's universal enforcement or runtime implementation."
model-agent/rules/vibe-data-modelling-rules.csv,231,SURG-RUL-001,Self-Ref FK Must Create New Column,DBX-REL-002,adapted,"Reconciled into DBX-REL-002; use its scoped requirement, not the source's universal enforcement or runtime implementation."
model-agent/rules/vibe-data-modelling-rules.csv,232,SURG-RUL-002,User-Vibed Links Protected from Bidirectional Removal,DBX-INTENT-001,adapted,"Reconciled into DBX-INTENT-001; use its scoped requirement, not the source's universal enforcement or runtime implementation."
model-agent/rules/vibe-data-modelling-rules.csv,233,SURG-RUL-003,Untouched Tables Use IF NOT EXISTS,DBX-EVOL-001,adapted,"Reconciled into DBX-EVOL-001; use its scoped requirement, not the source's universal enforcement or runtime implementation."
model-agent/rules/vibe-data-modelling-rules.csv,234,SURG-RUL-004,Self-Reference Allowed by Role-Label OR Type-Matched Prefix,DBX-REL-002,adapted,"Reconciled into DBX-REL-002; use its scoped requirement, not the source's universal enforcement or runtime implementation."
model-agent/rules/vibe-data-modelling-rules.csv,235,ATT-RUL-019,Classification in Tags Only,DBX-META-003,adapted,"Reconciled into DBX-META-003; use its scoped requirement, not the source's universal enforcement or runtime implementation."
model-agent/rules/vibe-data-modelling-rules.csv,236,ATT-RUL-020,PII Tag Requirements,DBX-META-002,adapted,"Reconciled into DBX-META-002; use its scoped requirement, not the source's universal enforcement or runtime implementation."
model-agent/rules/vibe-data-modelling-rules.csv,237,ATT-RUL-021,No Structural Tags,DBX-META-003,adapted,"Reconciled into DBX-META-003; use its scoped requirement, not the source's universal enforcement or runtime implementation."
model-agent/rules/vibe-data-modelling-rules.csv,238,ATT-RUL-022,Sensitive Data is RESTRICTED,DBX-META-002,adapted,"Reconciled into DBX-META-002; use its scoped requirement, not the source's universal enforcement or runtime implementation."
model-agent/rules/vibe-data-modelling-rules.csv,239,ATT-RUL-023,CONFIDENTIAL for Non-PII,DBX-META-002,adapted,"Reconciled into DBX-META-002; use its scoped requirement, not the source's universal enforcement or runtime implementation."
model-agent/rules/vibe-data-modelling-rules.csv,240,ATT-RUL-024,Empty Tags for Regular Data,DBX-META-003,adapted,"Reconciled into DBX-META-003; use its scoped requirement, not the source's universal enforcement or runtime implementation."
model-agent/rules/vibe-data-modelling-rules.csv,241,ATT-RUL-025,Custom User Tags,DBX-META-003,adapted,"Reconciled into DBX-META-003; use its scoped requirement, not the source's universal enforcement or runtime implementation."
model-agent/rules/vibe-data-modelling-rules.csv,242,ATT-RUL-027,No Reserved Characters in Tags,DBX-META-003,adapted,"Reconciled into DBX-META-003; use its scoped requirement, not the source's universal enforcement or runtime implementation."
model-agent/rules/vibe-data-modelling-rules.csv,243,ATT-RUL-059,Org Contact PII Tagging,DBX-META-002,adapted,"Reconciled into DBX-META-002; use its scoped requirement, not the source's universal enforcement or runtime implementation."
model-agent/rules/vibe-data-modelling-rules.csv,244,ATT-RUL-060,Custom Tag Physical Persistence,DBX-META-003,adapted,"Reconciled into DBX-META-003; use its scoped requirement, not the source's universal enforcement or runtime implementation."
model-agent/rules/vibe-data-modelling-rules.csv,245,ATT-RUL-084,FK Attribute Carries a Business Glossary Term,DBX-META-001,adapted,"Reconciled into DBX-META-001; use its scoped requirement, not the source's universal enforcement or runtime implementation."
model-agent/rules/vibe-data-modelling-rules.csv,246,GEN-RUL-007,Vibe Deviation Justification,DBX-INTENT-001,adapted,"Reconciled into DBX-INTENT-001; use its scoped requirement, not the source's universal enforcement or runtime implementation."
model-agent/rules/vibe-data-modelling-rules.csv,247,GEN-RUL-010,Vibe-Version Write Barrier,DBX-EVOL-001,adapted,"Reconciled into DBX-EVOL-001; use its scoped requirement, not the source's universal enforcement or runtime implementation."
model-agent/rules/vibe-data-modelling-rules.csv,248,MET-RUL-001,Metric View Has Measures and Dimensions,DBX-MET-001,adapted,"Reconciled into DBX-MET-001; use its scoped requirement, not the source's universal enforcement or runtime implementation."
model-agent/rules/vibe-data-modelling-rules.csv,249,MET-RUL-002,Metric View Built on a Single Declared Source,DBX-MET-001,adapted,"Reconciled into DBX-MET-001; use its scoped requirement, not the source's universal enforcement or runtime implementation."
model-agent/rules/vibe-data-modelling-rules.csv,250,MET-RUL-003,Named KPIs Are Built As Specified,DBX-INTENT-001,adapted,"Reconciled into DBX-INTENT-001; use its scoped requirement, not the source's universal enforcement or runtime implementation."
model-agent/rules/vibe-data-modelling-rules.csv,251,MET-RUL-004,Respect the Requested Metric-View Count,DBX-INTENT-001,adapted,"Reconciled into DBX-INTENT-001; use its scoped requirement, not the source's universal enforcement or runtime implementation."
model-agent/rules/vibe-data-modelling-rules.csv,252,MET-RUL-005,Business-Meaningful Metric View Names,DBX-MET-002,adapted,"Reconciled into DBX-MET-002; use its scoped requirement, not the source's universal enforcement or runtime implementation."
model-agent/rules/vibe-data-modelling-rules.csv,253,QGATE-RUL-001,Authoritative Deterministic Gates,DBX-VERIFY-001,adapted,"Reconciled into DBX-VERIFY-001; use its scoped requirement, not the source's universal enforcement or runtime implementation."
model-agent/rules/vibe-data-modelling-rules.csv,254,QGATE-RUL-002,Every Table Has a Primary Key,DBX-KEY-001,adapted,"Reconciled into DBX-KEY-001; use its scoped requirement, not the source's universal enforcement or runtime implementation."
model-agent/rules/vibe-data-modelling-rules.csv,255,QGATE-RUL-003,Every FK Targets a Valid PK,DBX-KEY-002,adapted,"Reconciled into DBX-KEY-002; use its scoped requirement, not the source's universal enforcement or runtime implementation."
model-agent/rules/vibe-data-modelling-rules.csv,256,QGATE-RUL-004,FK and Target PK Same Type,DBX-KEY-003,adapted,"Reconciled into DBX-KEY-003; use its scoped requirement, not the source's universal enforcement or runtime implementation."
model-agent/rules/vibe-data-modelling-rules.csv,257,QGATE-RUL-005,Glossary Term Tag Coverage,DBX-META-001,adapted,"Reconciled into DBX-META-001; use its scoped requirement, not the source's universal enforcement or runtime implementation."
model-agent/rules/vibe-data-modelling-rules.csv,258,QGATE-RUL-006,PII Sensitivity Tag Coverage,DBX-META-002,adapted,"Reconciled into DBX-META-002; use its scoped requirement, not the source's universal enforcement or runtime implementation."
model-agent/rules/vibe-data-modelling-rules.csv,259,QGATE-RUL-007,Every Domain Has a Division Tag,DBX-META-001,adapted,"Reconciled into DBX-META-001; use its scoped requirement, not the source's universal enforcement or runtime implementation."
model-agent/rules/vibe-data-modelling-rules.csv,260,QGATE-RUL-008,Division Within Canonical Set + Balance,DBX-META-004,adapted,"Reconciled into DBX-META-004; use its scoped requirement, not the source's universal enforcement or runtime implementation."
model-agent/rules/vibe-data-modelling-rules.csv,261,QGATE-RUL-009,Every Table Has a Subdomain Tag,DBX-META-001,adapted,"Reconciled into DBX-META-001; use its scoped requirement, not the source's universal enforcement or runtime implementation."
model-agent/rules/vibe-data-modelling-rules.csv,262,QGATE-RUL-010,Descriptions Present and Non-Placeholder,DBX-META-001,adapted,"Reconciled into DBX-META-001; use its scoped requirement, not the source's universal enforcement or runtime implementation."
model-agent/rules/vibe-data-modelling-rules.csv,263,QGATE-RUL-011,Descriptions Within Width,DBX-META-004,adapted,"Reconciled into DBX-META-004; use its scoped requirement, not the source's universal enforcement or runtime implementation. Duplicate ID distinguished by source line and Name."
model-agent/rules/vibe-data-modelling-rules.csv,264,QGATE-RUL-011,Gates Wired Into Agentic Repair Loop,DBX-REPAIR-001,adapted,"Reconciled into DBX-REPAIR-001; use its scoped requirement, not the source's universal enforcement or runtime implementation. Duplicate ID distinguished by source line and Name."
model-agent/rules/vibe-data-modelling-rules.csv,265,QGATE-RUL-012,Physical-Parity Gate,DBX-VERIFY-001,adapted,"Reconciled into DBX-VERIFY-001; use its scoped requirement, not the source's universal enforcement or runtime implementation."
